"mã sp","size lốp","Tên sản phẩm","mã gai","Vành","Thương Hiệu","Đơn vị","Giá bán ","số lượng","tình trạng hàng","rate","xuất xứ","name_image_folder"
"la1","215/60R16","LION SPORT HP 95H LA","LION SPORT HP","R16","LEAO","Chiếc","1570000","100","mới","3","Thái Lan","LION SPORT HP"
"la2","165R13C","8PR GREEN-MAX VAN 94/93R LL ECE","GREEN-MAX VAN ","R13","LING LONG","Chiếc","1070000","100","mới","3","Thái Lan","GREEN-MAX VAN"
"la3","175/50R15","LA 169 75H LA","LA 169 ","R15","LEAO","Chiếc","990000","100","mới","2","Thái Lan","no name"
"la4","245/45R17","LION SPORT 3 99W XL LA","LION SPORT 3","R17","LEAO","Chiếc","1850000","100","mới","5","Thái Lan","LION SPORT 3"
"la5","245/50R20","LION SPORT 3 102V LA","LION SPORT 3","R20","LEAO","Chiếc","2570000","100","mới","3","Thái Lan","LION SPORT 3"
"la6","275/40R20","LION SPORT 3 106W","LION SPORT 3","R20","LEAO","Chiếc","3290000","100","mới","3","Thái Lan","LION SPORT 3"
"la7","315/35R20","LION SPORT 3 110W XL LA (HB) CCC P-trial","LION SPORT 3","R20","LEAO","Chiếc","3770000","100","mới","3","Thái Lan","LION SPORT 3"
"la8","265/35R22","LION SPORT 3 102V","LION SPORT 3","R22","LEAO","Chiếc","4270000","100","mới","3","Thái Lan","LION SPORT 3"
"la9","205/70R15","LION SPORT 4×4 HP 96H LA","LION SPORT 4×4 HP","R15","LEAO","Chiếc","1450000","100","mới","3","Thái Lan","LION SPORT 44 HP"
"la10","255/60R18","LION SPORT 4×4 HP 112V XL LA","LION SPORT 4×4 HP","R18","LEAO","Chiếc","2450000","100","mới","3","Thái Lan","LION SPORT 44 HP"
"la11","275/60R18","LION SPORT 4x4 HP 113H LA","LION SPORT 4×4 HP","R18","LEAO","Chiếc","3050000","100","mới","3","Thái Lan","LION SPORT 44 HP"
"la12","235/65R17","LION SPORT 4×4 HP3 108V XL LA","LION SPORT 4×4 HP3","R17","LEAO","Chiếc","2010000","100","mới","3","Thái Lan","LION SPORT 44 HP3"
"la13","245/65R17","LION SPORT 4×4 HP3 111T LA","LION SPORT 4×4 HP3","R17","LEAO","Chiếc","2190000","100","mới","3","Thái Lan","LION SPORT 44 HP3"
"la14","255/65R17","LION SPORT 4×4 HP3 110H LA","LION SPORT 4×4 HP3","R17","LEAO","Chiếc","2370000","100","mới","3","Thái Lan","LION SPORT 44 HP3"
"la15","265/65R17","LION SPORT 4×4 HP3 112H LA","LION SPORT 4×4 HP3","R17","LEAO","Chiếc","2500000","100","mới","3","Thái Lan","LION SPORT 44 HP3"
"la16","225/60R18","LION SPORT 4×4 HP3 100H LA PCI","LION SPORT 4×4 HP3","R18","LEAO","Chiếc","2070000","100","mới","3","Thái Lan","LION SPORT 44 HP3"
"la17","245/60R18","LION SPORT 4×4 HP3 105V LA","LION SPORT 4×4 HP3","R18","LEAO","Chiếc","2290000","100","mới","3","Thái Lan","LION SPORT 44 HP3"
"la18","255/60R18","LION SPORT 4×4 HP3 112V XL LA","LION SPORT 4×4 HP3","R18","LEAO","Chiếc","2450000","100","mới","3","Thái Lan","LION SPORT 44 HP3"
"la19","265/60R18","LION SPORT 4×4 HP3 110H LA","LION SPORT 4×4 HP3","R18","LEAO","Chiếc","2690000","100","mới","3","Thái Lan","LION SPORT 44 HP3"
"la20","255/50R20","LION SPORT 4x4 HP3 107W XL LA PCI","LION SPORT 4×4 HP3","R20","LEAO","Chiếc","2790000","100","mới","3","Thái Lan","LION SPORT 44 HP3"
"la21","225/75R16","LION SPORT 4x4 HP3 104H LA","LION SPORT 4×4 HP3","R16","LEAO","Chiếc","1930000","100","mới","3","Thái Lan","LION SPORT 44 HP3"
"la22","235/70R16","LION SPORT 4x4 HP3","LION SPORT 4×4 HP3","R16","LEAO","Chiếc","2050000","100","mới","3","Thái Lan","LION SPORT 44 HP3"
"la23","245/70R16","LION SPORT 4×4 HP3 111H XL LA (HB) PCI","LION SPORT 4×4 HP3","R16","LEAO","Chiếc","2270000","100","mới","3","Thái Lan","LION SPORT 44 HP3"
"la24","275/70R16","LION SPORT 4x4 HP3 114H LA","LION SPORT 4×4 HP3","R16","LEAO","Chiếc","2750000","100","mới","3","Thái Lan","LION SPORT 44 HP3"
"la25","205R16LT","8PR LION SPORT A/T","LION SPORT AT","R16","LEAO","Chiếc","2700000","100","mới","3","Thái Lan","LION SPORT AT"
"la26","245/70R16","LION SPORT AT 111T LA","LION SPORT AT","R16","LEAO","Chiếc","2350000","100","mới","3","Thái Lan","LION SPORT AT"
"la27","255/70R16","LION SPORT A/T LA","LION SPORT AT","R16","LEAO","Chiếc","2510000","100","mới","3","Thái Lan","LION SPORT AT"
"la28","265/70R16","LION SPORT A/T 112H LA","LION SPORT AT","R16","LEAO","Chiếc","2650000","100","mới","3","Thái Lan","LION SPORT AT"
"la29","245/65R17","LION SPORT A/T 111T LA","LION SPORT AT","R17","LEAO","Chiếc","2310000","100","mới","3","Thái Lan","LION SPORT AT"
"la30","31×10.50R15LT","6PR LION SPORT AT-2 109Q LA OWL PCI","LION SPORT AT-2 ","R15","LEAO","Chiếc","2870000","100","mới","3","Thái Lan","LION SPORT AT2"
"la31","265/70R16","LION SPORT AT-2 116Q LA OWL PCI","LION SPORT AT-2 ","R16","LEAO","Chiếc","2890000","100","mới","3","Thái Lan","LION SPORT AT2"
"la32","245/70R16","LION SPORT AT-2","LION SPORT AT-2 ","R16","LEAO","Chiếc","2690000","100","mới","3","Thái Lan","LION SPORT AT2"
"la33","265/65R17","LION SPORT AT-2 116Q LA ECE","LION SPORT AT-2 ","R17","LEAO","Chiếc","2970000","100","mới","3","Thái Lan","LION SPORT AT2"
"la34","265/60R18","LION SPORT AT-2 110Q LA ECE","LION SPORT AT-2 ","R18","LEAO","Chiếc","3150000","100","mới","3","Thái Lan","LION SPORT AT2"
"la35","265/50R20","LION SPORT AT-2 111Q LA OWL PCI","LION SPORT AT-2 ","R20","LEAO","Chiếc","3230000","100","mới","3","Thái Lan","LION SPORT AT2"
"la36","225/70R15","LION SPORT GP 100T LA","LION SPORT GP","R15","LEAO","Chiếc","1670000","100","mới","3","Thái Lan","LION SPORT GP"
"la37","235/75R15","LION SPORT GP 105 S LA","LION SPORT GP","R15","LEAO","Chiếc","1990000","100","mới","3","Thái Lan","LION SPORT GP"
"la38","245/70R16","LION SPORT GP 107H LA","LION SPORT GP","R16","LEAO","Chiếc","2200000","100","mới","3","Thái Lan","LION SPORT GP"
"la39","255/70R16","LION SPORT GP 111S LA","LION SPORT GP","R16","LEAO","Chiếc","2330000","100","mới","3","Thái Lan","LION SPORT GP"
"la40","175/70R13","LION SPORT GP 82T LA PCI","LION SPORT GP","R13","LEAO","Chiếc","930000","100","mới","3","Thái Lan","LION SPORT GP"
"la41","215/70R15","LION SPORT GP 98T LA","LION SPORT GP","R15","LEAO","Chiếc","1610000","100","mới","3","Thái Lan","LION SPORT GP"
"la42","195/60R15","LION SPORT HP 88H LA PCI","LION SPORT HP","R15","LEAO","Chiếc","1170000","100","mới","3","Thái Lan","LION SPORT HP"
"la43","225/55R18","LION SPORT HP 98H LA","LION SPORT HP","R18","LEAO","Chiếc","2050000","100","mới","3","Thái Lan","LION SPORT HP"
"la44","185/70R14","LION SPORT HP3 88H LA(HB) PCI","LION SPORT HP3","R14","LEAO","Chiếc","1090000","100","mới","3","Thái Lan","LION SPORT HP3"
"la45","175/65R14","LION SPORT HP3 82H LA (HB) PCI P-trial","LION SPORT HP3","R14","LEAO","Chiếc","950000","100","mới","3","Thái Lan","LION SPORT HP3"
"la46","185/60R14","LION SPORT HP3 82H LA","LION SPORT HP3","R14","LEAO","Chiếc","1010000","100","mới","3","Thái Lan","LION SPORT HP3"
"la47","185/65R14","LION SPORT HP3 86H LA (HB) ECE PCI","LION SPORT HP3","R14","LEAO","Chiếc","1090000","100","mới","3","Thái Lan","LION SPORT HP3"
"la48","185/65R15","LION SPORT HP3 88H LA ECE PCI","LION SPORT HP3","R15","LEAO","Chiếc","1130000","100","mới","3","Thái Lan","LION SPORT HP3"
"la49","195/55R15","LION SPORT HP3 85V LA ECE","LION SPORT HP3","R15","LEAO","Chiếc","1110000","100","mới","3","Thái Lan","LION SPORT HP3"
"la50","195/65R15","LION SPORT HP3 91H LA (HB) PCI DCH","LION SPORT HP3","R15","LEAO","Chiếc","1230000","100","mới","5","Thái Lan","LION SPORT HP3"
"la51","205/65R15","LION SPORT HP3 94H LA","LION SPORT HP3","R15","LEAO","Chiếc","1290000","100","mới","3","Thái Lan","LION SPORT HP3"
"la52","215/65R15","LION SPORT HP3 96H LA","LION SPORT HP3","R15","LEAO","Chiếc","1530000","100","mới","3","Thái Lan","LION SPORT HP3"
"la53","195/55R16","LION SPORT HP3 87V LA (HB) PCI P","LION SPORT HP3","R16","LEAO","Chiếc","1310000","100","mới","3","Thái Lan","LION SPORT HP3"
"la54","205/55R16","LION SPORT HP3 91H LA PCI","LION SPORT HP3","R16","LEAO","Chiếc","1350000","100","mới","3","Thái Lan","LION SPORT HP3"
"la55","205/60R16","LION SPORT HP3 92H LA","LION SPORT HP3","R16","LEAO","Chiếc","1390000","100","mới","3","Thái Lan","LION SPORT HP3"
"la56","205/65R16","LION SPORT HP3 95H LA (HB) PCI","LION SPORT HP3","R16","LEAO","Chiếc","1410000","100","mới","3","Thái Lan","LION SPORT HP3"
"la57","215/60R16","LION SPORT HP3 95H LA","LION SPORT HP3","R16","LEAO","Chiếc","1570000","100","mới","3","Thái Lan","LION SPORT HP3"
"la58","215/60R17","LION SPORT HP3 96H LA","LION SPORT HP3","R17","LEAO","Chiếc","1710000","100","mới","3","Thái Lan","LION SPORT HP3"
"la59","225/55R16","LION SPORT HP3 95V LA","LION SPORT HP3","R16","LEAO","Chiếc","1670000","100","mới","3","Thái Lan","LION SPORT HP3"
"la60","225/60R16","LION SPORT HP3 98H LA","LION SPORT HP3","R16","LEAO","Chiếc","1710000","100","mới","3","Thái Lan","LION SPORT HP3"
"la61","225/70R16","LION SPORT HP3 103H LA","LION SPORT HP3","R16","LEAO","Chiếc","1790000","100","mới","3","Thái Lan","LION SPORT HP3"
"la62","235/60R16","LION SPORT HP3 100H LA","LION SPORT HP3","R16","LEAO","Chiếc","1850000","100","mới","3","Thái Lan","LION SPORT HP3"
"la63","215/50R17","LION SPORT HP3 94V LA","LION SPORT HP3","R17","LEAO","Chiếc","1530000","100","mới","3","Thái Lan","LION SPORT HP3"
"la64","225/55R17","LION SPORT HP3 97H LA","LION SPORT HP3","R17","LEAO","Chiếc","1830000","100","mới","3","Thái Lan","LION SPORT HP3"
"la65","235/60R17","LION SPORT HP3 102H (HB) PCI","LION SPORT HP3","R17","LEAO","Chiếc","1890000","100","mới","3","Thái Lan","LION SPORT HP3"
"la66","195/70R14","LION SPORT HP3 91H LA","LION SPORT HP3","R14","LEAO","Chiếc","1190000","100","mới","3","Thái Lan","LION SPORT HP3"
"la67","215/55R17","LION SPORT HP3 94V LA (HB) PCI","LION SPORT HP3","R17","LEAO","Chiếc","1610000","100","mới","3","Thái Lan","LION SPORT HP3"
"la68","275/65R17","LION SPORT H/T 119H XL LA ECE","LION SPORT HT","R17","LEAO","Chiếc","2710000","100","mới","3","Thái Lan","LION SPORT HT"
"la69","285/65R17","LION SPORT H/T 116S XL LA ECE","LION SPORT HT","R17","LEAO","Chiếc","2850000","100","mới","3","Thái Lan","LION SPORT HT"
"la70","265/50R20","LION SPORT HT 111V XL LA ECE","LION SPORT HT","R20","LEAO","Chiếc","3010000","100","mới","3","Thái Lan","LION SPORT HT"
"la71","205/50R17","LION SPORT3 93W LA","LION SPORT3","R17","LEAO","Chiếc","1470000","100","mới","3","Thái Lan","LION SPORT 3"
"la72","215/45R17","LION SPORT3 91W LA","LION SPORT3","R17","LEAO","Chiếc","1490000","100","mới","3","Thái Lan","LION SPORT 3"
"la73","225/45R17","LION SPORT3 94W XL LA (HB) PCI","LION SPORT3","R17","LEAO","Chiếc","1710000","100","mới","3","Thái Lan","LION SPORT 3"
"la74","225/50R17","LION SPORT3 98W LA","LION SPORT3","R17","LEAO","Chiếc","1790000","100","mới","3","Thái Lan","LION SPORT 3"
"la75","235/45R17","LION SPORT3 97W LA","LION SPORT3","R17","LEAO","Chiếc","1750000","100","mới","3","Thái Lan","LION SPORT 3"
"la76","225/40R18","LION SPORT3 92W LA","LION SPORT3","R18","LEAO","Chiếc","1810000","100","mới","3","Thái Lan","LION SPORT 3"
"la77","225/45R18","LION SPORT3 95W LA","LION SPORT3","R18","LEAO","Chiếc","1870000","100","mới","3","Thái Lan","LION SPORT 3"
"la78","235/40R18","LION SPORT3 95W LA","LION SPORT3","R18","LEAO","Chiếc","1950000","100","mới","3","Thái Lan","LION SPORT 3"
"la79","235/45R18","LION SPORT3 98Y XL LA (HB) CCC PCI","LION SPORT3","R18","LEAO","Chiếc","2020000","100","mới","3","Thái Lan","LION SPORT 3"
"la80","245/40R18","LION SPORT3 97W LA","LION SPORT3","R18","LEAO","Chiếc","2150000","100","mới","3","Thái Lan","LION SPORT 3"
"la81","5.50R13LT","10PR LL760 97/95P (HB) PCI","LL760 ","R13","LING LONG","Chiếc","1160000","100","mới","3","Thái Lan","no name"
"la82","165/65R13","NOVA -FORCE GP LA","NOVA -FORCE GP","R13","LEAO","Chiếc","770000","100","mới","3","Thái Lan","no name"
"la83","165/70R13","NOVA-FORCE GP 79T LA ECE PCI","NOVA -FORCE GP","R13","LEAO","Chiếc","790000","100","mới","3","Thái Lan","no name"
"la84","185/70R13","NOVA-FORCE GP 86T LA ECE PCI","NOVA -FORCE GP","R13","LEAO","Chiếc","1050000","100","mới","3","Thái Lan","no name"
"la85","165/65R14","NOVA-FORCE GP 79T LA (HB)","NOVA -FORCE GP","R14","LEAO","Chiếc","810000","100","mới","3","Thái Lan","no name"
"la86","175/70R14","NOVA-FORCE GP 84T LA ECE PCI","NOVA -FORCE GP","R14","LEAO","Chiếc","1010000","100","mới","3","Thái Lan","no name"
"la87","165/60R14","NOVA-FORCE HP 75H LA","NOVA-FORCE HP","R14","LEAO","Chiếc","790000","100","mới","3","Thái Lan","NOVAFORCE HP"
"la88","195R15C","8PR NOVA-FORCE Van 106/104R LA","NOVA-FORCE Van","R15","LEAO","Chiếc","1710000","100","mới","3","Thái Lan","no name"
"la89","205/70R15C","8PR N-F Van lus 106/104S LA PCI","NOVA-FORCE Van","R15","LEAO","Chiếc","1770000","100","mới","3","Thái Lan","no name"
"la90","215/70R15C","8PR N-F Van PLUS 109/107R LA PCI","NOVA-FORCE Van","R15","LEAO","Chiếc","1870000","100","mới","3","Thái Lan","no name"
"la91","225/70R15C","8PR N-F Van PLUS 112/110R LA ECE PCI","NOVA-FORCE Van","R15","LEAO","Chiếc","1910000","100","mới","3","Thái Lan","no name"
"la92","185R14C","8PR NOVA-FORCE Van 102/100R LA","NOVA-FORCE Van","R14","LEAO","Chiếc","1500000","100","mới","3","Thái Lan","no name"
"la93","195R14","8PR NOVA-FORCE Van 106/104R LA","NOVA-FORCE Van","R14","LEAO","Chiếc","1610000","100","mới","3","Thái Lan","no name"
"al1","175/65R14","AS380 82H ATLAS (HB) ECE -S PT OE PCI P- Trial","AS380 ","R14","ATLAS","Chiếc","980000","100","mới","3","Thái Lan","ATLAS AS380"
"al2","185/55R16","AS380NB 83V AT (HB) ECE-S PT MC-2 OE PCI DCH P-trial","AS380 ","R16","ATLAS","Chiếc","1260000","100","mới","3","Thái Lan","ATLAS AS380"
"al3","215/60R17","FORCE HP 96H AT (HB) PCI","FORCE HP","R17","ATLAS","Chiếc","1760000","100","mới","2","Thái Lan","FORCE HP"
"al4","225/50R17","FORCE HP 98V XL AT PCI","FORCE HP","R17","ATLAS","Chiếc","1800000","100","mới","1","Thái Lan","FORCE HP"
"al5","225/60R17","FORCE HP 99H AT PCI","FORCE HP","R17","ATLAS","Chiếc","1920000","100","mới","3","Thái Lan","FORCE HP"
"al6","225/65R17","FORCE HP 102H AT PCI","FORCE HP","R17","ATLAS","Chiếc","2000000","100","mới","3","Thái Lan","FORCE HP"
"al7","235/60R17","FORCE HP 102H AT PCI","FORCE HP","R17","ATLAS","Chiếc","1960000","100","mới","3","Thái Lan","FORCE HP"
"al8","235/65R17","FORCE HP 104H AT PCI","FORCE HP","R17","ATLAS","Chiếc","2040000","100","mới","3","Thái Lan","FORCE HP"
"al9","225/55R18","FORCE HP 98V AT PCI","FORCE HP","R18","ATLAS","Chiếc","2080000","100","mới","3","Thái Lan","FORCE HP"
"al10","235/60R18","FORCE HP 103V AT PCI","FORCE HP","R18","ATLAS","Chiếc","2220000","100","mới","3","Thái Lan","FORCE HP"
"al11","175/70R13","FORCE HP 82H AT ECE WR PCI","FORCE HP ","R13","ATLAS","Chiếc","900000","100","mới","3","Thái Lan","FORCE HP"
"al12","185/65R14","FORCE HP 86H AT (HB) PCI DCH","FORCE HP ","R14","ATLAS","Chiếc","1080000","100","mới","3","Thái Lan","FORCE HP"
"al13","175/65R15","FORCE HP 84H AT PCI","FORCE HP ","R15","ATLAS","Chiếc","1140000","100","mới","3","Thái Lan","FORCE HP"
"al14","185/55R15","FORCE HP 82 AT PCI TRIAL","FORCE HP ","R15","ATLAS","Chiếc","1160000","100","mới","3","Thái Lan","FORCE HP"
"al15","185/60R15","FORCE HP 84H AT (HB) PCI","FORCE HP ","R15","ATLAS","Chiếc","1100000","100","mới","3","Thái Lan","FORCE HP"
"al16","185/65R15","FORCE HP 88H AT (HB) ECE PCI DCH","FORCE HP ","R15","ATLAS","Chiếc","1200000","100","mới","3","Thái Lan","FORCE HP"
"al17","195/60R15","FORCE HP 88H AT (HB) PCI DCH","FORCE HP ","R15","ATLAS","Chiếc","1220000","100","mới","3","Thái Lan","FORCE HP"
"al18","195/65R15","FORCE HP 91H AT PCI","FORCE HP ","R15","ATLAS","Chiếc","1280000","100","mới","3","Thái Lan","FORCE HP"
"al19","205/65R15","FORCE HP 94H AT PCI","FORCE HP ","R15","ATLAS","Chiếc","1320000","100","mới","3","Thái Lan","FORCE HP"
"al20","235/75R15","FORCE HP 105S ATLAS (HB) ECE PCI","FORCE HP ","R15","ATLAS","Chiếc","2040000","100","mới","3","Thái Lan","FORCE HP"
"al21","195/50R16","FORCE HP 84V AT PCI TRIAL","FORCE HP ","R16","ATLAS","Chiếc","1300000","100","mới","3","Thái Lan","FORCE HP"
"al22","195/55R16","FORCE HP 87V AT PCI","FORCE HP ","R16","ATLAS","Chiếc","1340000","100","mới","3","Thái Lan","FORCE HP"
"al23","205/60R16","FORCE HP 92V AT ECE PCI","FORCE HP ","R16","ATLAS","Chiếc","1400000","100","mới","3","Thái Lan","FORCE HP"
"al24","205/65R16","FORCE HP 95H AT PCI","FORCE HP ","R16","ATLAS","Chiếc","1440000","100","mới","3","Thái Lan","FORCE HP"
"al25","215/55R16","FORCE HP 97H XL ATLAS ( HB) PCI DCH","FORCE HP ","R16","ATLAS","Chiếc","1620000","100","mới","3","Thái Lan","FORCE HP"
"al26","215/60R16","FORCE HP 95V AT PCI","FORCE HP ","R16","ATLAS","Chiếc","1580000","100","mới","3","Thái Lan","FORCE HP"
"al27","215/65R16","FORCE HP 98H AT (HB) PCI","FORCE HP ","R16","ATLAS","Chiếc","1660000","100","mới","3","Thái Lan","FORCE HP"
"al28","225/55R16","FORCE HP 95V AT PCI","FORCE HP ","R16","ATLAS","Chiếc","1640000","100","mới","3","Thái Lan","FORCE HP"
"al29","225/60R16","FORCE HP 98H AT PCI","FORCE HP ","R16","ATLAS","Chiếc","1740000","100","mới","3","Thái Lan","FORCE HP"
"al30","225/70R16","FORCE HP 107H XL ATLAS (HB) PCI","FORCE HP ","R16","ATLAS","Chiếc","1860000","100","mới","3","Thái Lan","FORCE HP"
"al31","235/60R16","FORCE HP 100H AT (HB) ECE PCI DCH","FORCE HP ","R16","ATLAS","Chiếc","1860000","100","mới","3","Thái Lan","FORCE HP"
"al32","205/55R16","FORCE UHP 91W AT (HB) PCI VCM","FORCE UHP","R16","ATLAS","Chiếc","1380000","100","mới","3","Thái Lan","FORCE UHP"
"al33","215/50R16","FORCE UHP 93Y XL AT (HB) ECE CCC PCI","FORCE UHP","R16","ATLAS","Chiếc","1540000","100","mới","3","Thái Lan","FORCE UHP"
"al34","225/50R16","FORCE UHP 92W AT ECE PCI VCM","FORCE UHP","R16","ATLAS","Chiếc","1620000","100","mới","3","Thái Lan","FORCE UHP"
"al35","205/45R17","FORCE UHP 88W XL ATLAS (HB) ECE PCI VCM","FORCE UHP","R17","ATLAS","Chiếc","1400000","100","mới","3","Thái Lan","FORCE UHP"
"al36","205/50R17","FORCE UHP 93W XL ATLAS (HB) ECE PCI VCM","FORCE UHP","R17","ATLAS","Chiếc","1500000","100","mới","5","Thái Lan","FORCE UHP"
"al37","215/45R17","FORCE UHP 91W XL AT (HB) ECE BIS PCI VCM","FORCE UHP","R17","ATLAS","Chiếc","1540000","100","mới","3","Thái Lan","FORCE UHP"
"al38","215/50R17","FORCE UHP 95W XL AT (HB) ECE PCI VCM","FORCE UHP","R17","ATLAS","Chiếc","1620000","100","mới","3","Thái Lan","FORCE UHP"
"al39","215/55R17","FORCE UHP 94W AT PCI","FORCE UHP","R17","ATLAS","Chiếc","1660000","100","mới","3","Thái Lan","FORCE UHP"
"al40","225/45R17","FORCE UHP 94W XL AT BIS PCI VCM","FORCE UHP","R17","ATLAS","Chiếc","1740000","100","mới","3","Thái Lan","FORCE UHP"
"al41","225/50R17","FORCE UHP 98W XL ATLAS (HB) ECE BIS PCI VCM","FORCE UHP","R17","ATLAS","Chiếc","1860000","100","mới","3","Thái Lan","FORCE UHP"
"al42","225/55R17","FORCE UHP 97W","FORCE UHP","R17","ATLAS","Chiếc","1920000","100","mới","3","Thái Lan","FORCE UHP"
"al43","245/40R17","FORCE UHP 91W AT VCM","FORCE UHP","R17","ATLAS","Chiếc","1860000","100","mới","3","Thái Lan","FORCE UHP"
"al44","245/45R17","FORCE UHP 99V AT PCI","FORCE UHP","R17","ATLAS","Chiếc","1960000","100","mới","3","Thái Lan","FORCE UHP"
"al45","205/40R18","FORCE UHP 86W AT PCI","FORCE UHP","R18","ATLAS","Chiếc","1580000","100","mới","3","Thái Lan","FORCE UHP"
"al46","215/40R18","FORCE UHP 85Y AT PCI","FORCE UHP","R18","ATLAS","Chiếc","1700000","100","mới","3","Thái Lan","FORCE UHP"
"al47","215/45R18","FORCE UHP 93Y XL AT PCI VCM","FORCE UHP","R18","ATLAS","Chiếc","1800000","100","mới","3","Thái Lan","FORCE UHP"
"al48","225/35R18","FORCE UHP 87W XL AT VCM P-trial","FORCE UHP","R18","ATLAS","Chiếc","1760000","100","mới","3","Thái Lan","FORCE UHP"
"al49","225/40R18","FORCE UHP 92Y XL AT","FORCE UHP","R18","ATLAS","Chiếc","1860000","100","mới","3","Thái Lan","FORCE UHP"
"al50","225/45R18","FORCE UHP 95Y XL ATLAS (HB) PCI VCM P- Trial","FORCE UHP","R18","ATLAS","Chiếc","1960000","100","mới","3","Thái Lan","FORCE UHP"
"al51","225/50R18","FORCE UHP 95W ATLAS (HB) ECE CCC PCI VCM","FORCE UHP","R18","ATLAS","Chiếc","2060000","100","mới","3","Thái Lan","FORCE UHP"
"al52","235/40R18","FORCE UHP 95Y XL AT VCM","FORCE UHP","R18","ATLAS","Chiếc","2020000","100","mới","3","Thái Lan","FORCE UHP"
"al53","235/45R18","FORCE UHP 98Y XL AT (HB) ECE PCI VCM","FORCE UHP","R18","ATLAS","Chiếc","2120000","100","mới","3","Thái Lan","FORCE UHP"
"al54","235/50R18","FORCE UHP 97Y AT","FORCE UHP","R18","ATLAS","Chiếc","2200000","100","mới","3","Thái Lan","FORCE UHP"
"al55","245/40R18","FORCE UHP 97Y XL AT VCM","FORCE UHP","R18","ATLAS","Chiếc","2160000","100","mới","3","Thái Lan","FORCE UHP"
"al56","245/45R18","FORCE UHP 100Y XL AT PCI VCM","FORCE UHP","R18","ATLAS","Chiếc","2260000","100","mới","3","Thái Lan","FORCE UHP"
"al57","245/50R18","FORCE UHP 100Y AT PCI VCM","FORCE UHP","R18","ATLAS","Chiếc","2360000","100","mới","3","Thái Lan","FORCE UHP"
"al58","255/35R18","FORCE UHP 94Y XL AT (HB) VCB","FORCE UHP","R18","ATLAS","Chiếc","2340000","100","mới","3","Thái Lan","FORCE UHP"
"al59","255/40R18","FORCE UHP 99Y XL AT (HB) ECE CCC VCM◇","FORCE UHP","R18","ATLAS","Chiếc","2360000","100","mới","3","Thái Lan","FORCE UHP"
"al60","255/45R18","FORCE UHP 103W XL AT PCI VCM","FORCE UHP","R18","ATLAS","Chiếc","2500000","100","mới","3","Thái Lan","FORCE UHP"
"al61","255/55R18","FORCE UHP 109W XL AT PCI VCM","FORCE UHP","R18","ATLAS","Chiếc","2440000","100","mới","3","Thái Lan","FORCE UHP"
"al62","265/35R18","FORCE UHP 97W XL AT VCM","FORCE UHP","R18","ATLAS","Chiếc","2460000","100","mới","3","Thái Lan","FORCE UHP"
"al63","265/40R18","FORCE UHP 101W XL AT VCM","FORCE UHP","R18","ATLAS","Chiếc","2520000","100","mới","3","Thái Lan","FORCE UHP"
"al64","275/35R18","FORCE UHP 95Y XL AT VCM","FORCE UHP","R18","ATLAS","Chiếc","2680000","100","mới","3","Thái Lan","FORCE UHP"
"al65","275/40R18","FORCE UHP 103Y XL AT VCM","FORCE UHP","R18","ATLAS","Chiếc","2800000","100","mới","3","Thái Lan","FORCE UHP"
"al66","225/35R19","FORCE UHP 88W XL AT VCM","FORCE UHP","R19","ATLAS","Chiếc","2060000","100","mới","3","Thái Lan","FORCE UHP"
"al67","225/40R19","FORCE UHP 93Y XL AT","FORCE UHP","R19","ATLAS","Chiếc","2100000","100","mới","3","Thái Lan","FORCE UHP"
"al68","225/45R19","FORCE UHP 96Y XL AT","FORCE UHP","R19","ATLAS","Chiếc","2200000","100","mới","3","Thái Lan","FORCE UHP"
"al69","235/35R19","FORCE UHP 91Y XL AT VCM","FORCE UHP","R19","ATLAS","Chiếc","2160000","100","mới","3","Thái Lan","FORCE UHP"
"al70","235/40R19","FORCE UHP 96Y XL AT VCM","FORCE UHP","R19","ATLAS","Chiếc","2260000","100","mới","3","Thái Lan","FORCE UHP"
"al71","235/45R19","FORCE UHP","FORCE UHP","R19","ATLAS","Chiếc","2360000","100","mới","3","Thái Lan","FORCE UHP"
"al72","235/55R19","FORCE UHP 105Y XL AT PCI","FORCE UHP","R19","ATLAS","Chiếc","2580000","100","mới","3","Thái Lan","FORCE UHP"
"al73","245/30R19","FORCE UHP 90W XL AT VCM","FORCE UHP","R19","ATLAS","Chiếc","2220000","100","mới","3","Thái Lan","FORCE UHP"
"al74","245/35R19","FORCE UHP 93W XL ATLAS (HB) VCM","FORCE UHP","R19","ATLAS","Chiếc","2320000","100","mới","3","Thái Lan","FORCE UHP"
"al75","245/40R19","FORCE UHP 98Y XL AT VCM","FORCE UHP","R19","ATLAS","Chiếc","2420000","100","mới","3","Thái Lan","FORCE UHP"
"al76","245/45R19","FORCE UHP 102W AT PCI VCM","FORCE UHP","R19","ATLAS","Chiếc","2520000","100","mới","3","Thái Lan","FORCE UHP"
"al77","245/50R19","FORCE UHP 105W XL AT PCI VCM","FORCE UHP","R19","ATLAS","Chiếc","2620000","100","mới","3","Thái Lan","FORCE UHP"
"al78","245/55R19","FORCE UHP 103V AT 111T LA","FORCE UHP","R19","ATLAS","Chiếc","2720000","100","mới","3","Thái Lan","FORCE UHP"
"al79","255/30R19","FORCE UHP","FORCE UHP","R19","ATLAS","Chiếc","2440000","100","mới","3","Thái Lan","FORCE UHP"
"al80","255/35R19","FORCE UHP 96Y XL AT PCI VCM","FORCE UHP","R19","ATLAS","Chiếc","2540000","100","mới","3","Thái Lan","FORCE UHP"
"al81","255/40R19","FORCE UHP 100Y XL AT VCM","FORCE UHP","R19","ATLAS","Chiếc","2580000","100","mới","3","Thái Lan","FORCE UHP"
"al82","255/45R19","FORCE UHP 104Y XL AT PCI VCM","FORCE UHP","R19","ATLAS","Chiếc","2760000","100","mới","3","Thái Lan","FORCE UHP"
"al83","255/50R19","FORCE UHP 107Y XL AT PCI VCM","FORCE UHP","R19","ATLAS","Chiếc","2900000","100","mới","3","Thái Lan","FORCE UHP"
"al84","265/30R19","FORCE UHP 93W XL AT VCM","FORCE UHP","R19","ATLAS","Chiếc","2600000","100","mới","3","Thái Lan","FORCE UHP"
"al85","265/35R19","FORCE UHP 98Y XL AT","FORCE UHP","R19","ATLAS","Chiếc","2740000","100","mới","3","Thái Lan","FORCE UHP"
"al86","265/50R19","FORCE UHP 110W XL AT","FORCE UHP","R19","ATLAS","Chiếc","3180000","100","mới","3","Thái Lan","FORCE UHP"
"al87","275/30R19","FORCE UHP 96W XL AT VCM","FORCE UHP","R19","ATLAS","Chiếc","2880000","100","mới","3","Thái Lan","FORCE UHP"
"al88","275/35R19","FORCE UHP 100Y XL AT VCM","FORCE UHP","R19","ATLAS","Chiếc","3020000","100","mới","3","Thái Lan","FORCE UHP"
"al89","275/40R19","FORCE UHP 105Y XL AT VCM","FORCE UHP","R19","ATLAS","Chiếc","3160000","100","mới","3","Thái Lan","FORCE UHP"
"al90","275/45R19","FORCE UHP 108W XL AT VCM","FORCE UHP","R19","ATLAS","Chiếc","3320000","100","mới","3","Thái Lan","FORCE UHP"
"al91","275/50R19","FORCE UHP","FORCE UHP","R19","ATLAS","Chiếc","3460000","100","mới","3","Thái Lan","FORCE UHP"
"al92","275/55R19","FORCE UHP 111W AT PCI VCM","FORCE UHP","R19","ATLAS","Chiếc","3620000","100","mới","3","Thái Lan","FORCE UHP"
"al93","285/35R19","FORCE UHP 103Y XL AT (HB) CCC VCM","FORCE UHP","R19","ATLAS","Chiếc","3300000","100","mới","3","Thái Lan","FORCE UHP"
"al94","285/45R19","FORCE UHP 111W XL AT PCI VCM","FORCE UHP","R19","ATLAS","Chiếc","3600000","100","mới","3","Thái Lan","FORCE UHP"
"al95","225/35R20","FORCE UHP 95V AT","FORCE UHP","R20","ATLAS","Chiếc","2400000","100","mới","3","Thái Lan","FORCE UHP"
"al96","235/35R20","FORCE UHP 92W AT","FORCE UHP","R20","ATLAS","Chiếc","2500000","100","mới","3","Thái Lan","FORCE UHP"
"al97","245/30R20","FORCE UHP 90W XL ATLAS (HB) CCC VCM","FORCE UHP","R20","ATLAS","Chiếc","2540000","100","mới","3","Thái Lan","FORCE UHP"
"al98","245/35R20","FORCE UHP 95W XL AT (HB) ECE CCC VCM","FORCE UHP","R20","ATLAS","Chiếc","2640000","100","mới","3","Thái Lan","FORCE UHP"
"al99","245/40R20","FORCE UHP 99Y XL AT (HB) CCC VCM","FORCE UHP","R20","ATLAS","Chiếc","2740000","100","mới","3","Thái Lan","FORCE UHP"
"al100","245/45R20","FORCE UHP 103Y XL AT PCI VCM","FORCE UHP","R20","ATLAS","Chiếc","2920000","100","mới","3","Thái Lan","FORCE UHP"
"al101","245/50R20","FORCE UHP 102V AT PCI TRIAL","FORCE UHP","R20","ATLAS","Chiếc","3180000","100","mới","3","Thái Lan","FORCE UHP"
"al102","255/35R20","FORCE UHP 97Y XL AT VAM","FORCE UHP","R20","ATLAS","Chiếc","2860000","100","mới","3","Thái Lan","FORCE UHP"
"al103","255/40R20","FORCE UHP 101W AT PCI","FORCE UHP","R20","ATLAS","Chiếc","2960000","100","mới","3","Thái Lan","FORCE UHP"
"al104","255/45R20","FORCE UHP 99V AT PCI","FORCE UHP","R20","ATLAS","Chiếc","3220000","100","mới","3","Thái Lan","FORCE UHP"
"al105","255/50R20","FORCE UHP 109Y XL AT PCI","FORCE UHP","R20","ATLAS","Chiếc","3360000","100","mới","3","Thái Lan","FORCE UHP"
"al106","265/35R20","FORCE UHP 99Y XL AT VAM","FORCE UHP","R20","ATLAS","Chiếc","2980000","100","mới","3","Thái Lan","FORCE UHP"
"al107","265/45R20","FORCE UHP 108Y XL AT PCI VCM","FORCE UHP","R20","ATLAS","Chiếc","3340000","100","mới","3","Thái Lan","FORCE UHP"
"al108","265/50R20","FORCE UHP 111V XL AT PCI VCM","FORCE UHP","R20","ATLAS","Chiếc","3480000","100","mới","3","Thái Lan","FORCE UHP"
"al109","275/30R20","FORCE UHP 97Y XL AT (HB) CCC VCM","FORCE UHP","R20","ATLAS","Chiếc","3300000","100","mới","3","Thái Lan","FORCE UHP"
"al110","275/35R20","FORCE UHP 100Y XL AT VCM","FORCE UHP","R20","ATLAS","Chiếc","3420000","100","mới","3","Thái Lan","FORCE UHP"
"al111","275/40R20","FORCE UHP 106Y XL AT VCM","FORCE UHP","R20","ATLAS","Chiếc","3480000","100","mới","3","Thái Lan","FORCE UHP"
"al112","275/45R20","FORCE UHP 110Y XL AT VCM","FORCE UHP","R20","ATLAS","Chiếc","3540000","100","mới","3","Thái Lan","FORCE UHP"
"al113","275/55R20","FORCE UHP","FORCE UHP","R20","ATLAS","Chiếc","3680000","100","mới","3","Thái Lan","FORCE UHP"
"al114","285/50R20","FORCE UHP 112V AT PCI VCM","FORCE UHP","R20","ATLAS","Chiếc","3840000","100","mới","3","Thái Lan","FORCE UHP"
"al115","315/35R20","FORCE UHP 110W XL AT VCM","FORCE UHP","R20","ATLAS","Chiếc","3960000","100","mới","3","Thái Lan","FORCE UHP"
"al116","245/30R21","FORCE UHP 91W XL LA ATLAS (HB) VCM","FORCE UHP","R21","ATLAS","Chiếc","2860000","100","mới","3","Thái Lan","FORCE UHP"
"al117","265/40R21","FORCE UHP 105V XL AT VCM P-trial","FORCE UHP","R21","ATLAS","Chiếc","4240000","100","mới","3","Thái Lan","FORCE UHP"
"al118","275/35R21","FORCE UHP 107Y XL AT VCM","FORCE UHP","R21","ATLAS","Chiếc","4360000","100","mới","3","Thái Lan","FORCE UHP"
"al119","295/35R21","FORCE UHP 107Y XL AT VCM","FORCE UHP","R21","ATLAS","Chiếc","4480000","100","mới","3","Thái Lan","FORCE UHP"
"al120","265/40R22","FORCE UHP 106V","FORCE UHP","R22","ATLAS","Chiếc","4460000","100","mới","3","Thái Lan","FORCE UHP"
"al121","285/35R22","FORCE UHP 106W XL AT VCM","FORCE UHP","R22","ATLAS","Chiếc","4620000","100","mới","3","Thái Lan","FORCE UHP"
"al122","285/40R22","FORCE UHP","FORCE UHP","R22","ATLAS","Chiếc","4720000","100","mới","3","Thái Lan","FORCE UHP"
"al123","285/45R22","FORCE UHP 114V","FORCE UHP","R22","ATLAS","Chiếc","4780000","100","mới","3","Thái Lan","FORCE UHP"
"al124","305/40R22","FORCE UHP 114V XL AT VCM","FORCE UHP","R22","ATLAS","Chiếc","4920000","100","mới","3","Thái Lan","FORCE UHP"
"al125","305/45R22","FORCE UHP 114V XL AT VCM","FORCE UHP","R22","ATLAS","Chiếc","5140000","100","mới","3","Thái Lan","FORCE UHP"
"al126","205/70R15C","8PR N-F Van PLUS 106/104 S ATLAS(HB)ECE PCI","NOVA FORCE VAN","R15","ATLAS","Chiếc","1700000","100","mới","3","Thái Lan","no name"
"al127","235/70R15","PARALLER 4x4HP 106H XL AT (HB) ECE PCI","PARALLER 4*4 HP","R15","ATLAS","Chiếc","1940000","100","mới","3","Thái Lan","PARALLER 44 HP"
"al128","215/65R16","PARALLER 4x4HP 102H","PARALLER 4*4 HP","R16","ATLAS","Chiếc","1680000","100","mới","3","Thái Lan","PARALLER 44 HP"
"al129","215/70R16","PARALLER 4×4 HP 100H AT (HB) PCI","PARALLER 4*4 HP","R16","ATLAS","Chiếc","1740000","100","mới","5","Thái Lan","PARALLER 44 HP"
"al130","215/70R16","PARALLER 4×4 HP 100H AT (HB) PCI","PARALLER 4*4 HP","R16","ATLAS","Chiếc","1740000","100","mới","3","Thái Lan","PARALLER 44 HP"
"al131","225/75R16","PARALLER 4x4 HP","PARALLER 4*4 HP","R16","ATLAS","Chiếc","1860000","100","mới","3","Thái Lan","PARALLER 44 HP"
"al132","235/70R16","PARALLER 4*4 HP 106H ATLAS ( HB) PCI","PARALLER 4*4 HP","R16","ATLAS","Chiếc","2060000","100","mới","3","Thái Lan","PARALLER 44 HP"
"al133","265/70R16","PARALLER 4*4 HP 112H ATLAS (HB) PCI","PARALLER 4*4 HP","R16","ATLAS","Chiếc","2600000","100","mới","3","Thái Lan","PARALLER 44 HP"
"al134","275/70R16","PARALLER 4*4 HP 114H ATLAS (HB) PCI P-trial","PARALLER 4*4 HP","R16","ATLAS","Chiếc","2780000","100","mới","3","Thái Lan","PARALLER 44 HP"
"al135","225/65R17","PARALLER 4×4 HP 102H AT PCI","PARALLER 4*4 HP","R17","ATLAS","Chiếc","2040000","100","mới","3","Thái Lan","PARALLER 44 HP"
"al136","235/55R17","PARALLER 4×4 HP 103W AT PCI P-trial","PARALLER 4*4 HP","R17","ATLAS","Chiếc","2000000","100","mới","3","Thái Lan","PARALLER 44 HP"
"al137","245/65R17","PARALLER 4×4 HP 111H XL AT (HB) PCI","PARALLER 4*4 HP","R17","ATLAS","Chiếc","2240000","100","mới","3","Thái Lan","PARALLER 44 HP"
"al138","255/65R17","PARALLER 4*4 HP 110H ATLAS (HB) PCI","PARALLER 4*4 HP","R17","ATLAS","Chiếc","2380000","100","mới","3","Thái Lan","PARALLER 44 HP"
"al139","265/65R17","PARALLER 4×4 HP 112H AT (HB) BIS PCI","PARALLER 4*4 HP","R17","ATLAS","Chiếc","2500000","100","mới","3","Thái Lan","PARALLER 44 HP"
"al140","225/60R18","PARALLER 4*4 HP 100H ATLAS (HB) PCI","PARALLER 4*4 HP","R18","ATLAS","Chiếc","2080000","100","mới","3","Thái Lan","PARALLER 44 HP"
"al141","235/55R18","PARALLER 4×4 HP 104W AT PCI","PARALLER 4*4 HP","R18","ATLAS","Chiếc","2280000","100","mới","3","Thái Lan","PARALLER 44 HP"
"al142","235/60R18","PARALLER 4×4 HP 107V XL AT (HB) PCI","PARALLER 4*4 HP","R18","ATLAS","Chiếc","2180000","100","mới","3","Thái Lan","PARALLER 44 HP"
"al143","255/65R18","PARALLER 4x4HP 111H AT(HB) OWL PCI","PARALLER 4*4 HP","R18","ATLAS","Chiếc","2660000","100","mới","3","Thái Lan","PARALLER 44 HP"
"al144","265/60R18","PARALLER 4×4 HP 110H AT (HB) PCI","PARALLER 4*4 HP","R18","ATLAS","Chiếc","2680000","100","mới","3","Thái Lan","PARALLER 44 HP"
"al145","265/65R18","PARALLER 4*4 HP 114H ATLAS (HB) PCI","PARALLER 4*4 HP","R18","ATLAS","Chiếc","2800000","100","mới","3","Thái Lan","PARALLER 44 HP"
"al146","255/55R19","PARALLER 4*4 HP 111V ATLAS (HB) PCI","PARALLER 4*4 HP","R19","ATLAS","Chiếc","3080000","100","mới","3","Thái Lan","PARALLER 44 HP"
"al147","235/75R15","PARALLER AT 109T XL AT (HB) OWL PCI VCM","PARALLER A/T ","R15","ATLAS","Chiếc","2160000","100","mới","5","Thái Lan","PARALLER AT"
"al148","265/70R15","PARALLER A/T 112T ATLAS (HB) OWL PCI P-trial","PARALLER A/T ","R15","ATLAS","Chiếc","2480000","100","mới","3","Thái Lan","PARALLER AT"
"al149","245/70R16","PARALLER AT 111T XL AT (HB) ECE OWL PCI DCH","PARALLER A/T ","R16","ATLAS","Chiếc","2340000","100","mới","3","Thái Lan","PARALLER AT"
"al150","255/70R16","PARALLER AT 111S AT (HB) OWL PCI","PARALLER A/T ","R16","ATLAS","Chiếc","2540000","100","mới","3","Thái Lan","PARALLER AT"
"al151","265/70R16","PARALLER A/T 112T ATLAS (HB) OWL PCI VCM","PARALLER A/T ","R16","ATLAS","Chiếc","2720000","100","mới","3","Thái Lan","PARALLER AT"
"al152","265/75R16","PARALLER AT 116T AT (HB) OWL PCI","PARALLER A/T ","R16","ATLAS","Chiếc","2800000","100","mới","3","Thái Lan","PARALLER AT"
"al153","265/65R17","PARALLER AT 112T AT (HB) BIS OWL PCI","PARALLER A/T ","R17","ATLAS","Chiếc","2700000","100","mới","3","Thái Lan","PARALLER AT"
"al154","285/70R17","PARALLER A/T 116T ATLAS (HB) OWL PCI","PARALLER A/T ","R17","ATLAS","Chiếc","3180000","100","mới","3","Thái Lan","PARALLER AT"
"al155","245/75R16","PARALLER A/T 111T AT OWL PCI","PARALLER A/T ","R16","ATLAS","Chiếc","2400000","100","mới","3","Thái Lan","PARALLER AT"
"al156","235/80R16","PARALLER HT 109T AT (HB) ECE-S CCC TISI FD OE PCI","PARALLER H/T","R16","ATLAS","Chiếc","2140000","100","mới","3","Thái Lan","PARALLER HT"
"al157","245/70R16","PARALLER HT 107T AT (HB) PCI","PARALLER H/T","R16","ATLAS","Chiếc","2280000","100","mới","3","Thái Lan","PARALLER HT"
"al158","245/75R16","PARALLER H/T 111T AT OWL PCI","PARALLER H/T","R16","ATLAS","Chiếc","2340000","100","mới","3","Thái Lan","PARALLER HT"
"al159","255/70R16","PARALLER H/T 111T AT (HB) PCI","PARALLER H/T","R16","ATLAS","Chiếc","2420000","100","mới","3","Thái Lan","PARALLER HT"
"al160","265/65R17","PARALLER HT 112T AT (HB) ECE PCI","PARALLER H/T","R17","ATLAS","Chiếc","2600000","100","mới","3","Thái Lan","PARALLER HT"
"al161","265/50R20","PARALLER H/T 111V XL ATLAS (HB) ECE PCI","PARALLER H/T","R20","ATLAS","Chiếc","3440000","100","mới","5","Thái Lan","PARALLER HT"
"al162","235/75R15","PRIVA A/T 109T XL AT BIS PCI","PRIVA A/T","R15","ATLAS","Chiếc","2120000","100","mới","3","Thái Lan","PRIVA AT"
"al163","265/70R17","PRIVA H/T Ⅱ 115T AT PCI","PRIVA H/T","R17","ATLAS","Chiếc","2700000","100","mới","3","Thái Lan","PRIVA HT 2 115T AT"
"al164","255/70R15","PRIVA H/T II 108T ATLAS (HB) PCI","PRIVA H/T","R15","ATLAS","Chiếc","2340000","100","mới","3","Thái Lan","PRIVA HT 2 115T AT"
"al165","255/70R16","PRIVA H/T Ⅱ 111T AT PCI","PRIVA H/T","R16","ATLAS","Chiếc","2440000","100","mới","3","Thái Lan","PRIVA HT 2 115T AT"
"al166","175/65R14","Touring Plus 82H AT (HB) ECE BIS PCI","TOURING PLUS","R14","ATLAS","Chiếc","1000000","100","mới","3","Thái Lan","Tire Touring Plus II"
"mc1","155/65R13","Michelin 155/65R13 Energy XM2 +","Energy XM2 +","R13","MICHELIN","Chiếc","1390000","100","mới","3","Thái Lan","Energy XM2 +"
