"STT","size","Tên sản phẩm","mã gai","Vành","Thương Hiệu","Đơn vị","Giá bán ","name_image_folder"
"1","215/60R16","215/60R16 LION SPORT HP 95H LA"," LION SPORT HP","R16","LEAO","Chiếc","1570000","LION SPORT HP"
"2","165R13C","165R13C 8PR GREEN-MAX VAN 94/93R LL ECE ","GREEN-MAX VAN ","R13","LING LONG","Chiếc","1070000","GREEN-MAX VAN"
"3","175/50R15","175/50R15 LA 169  75H LA","LA 169 ","R15","LEAO","Chiếc","990000","no name"
"5","245/45R17","245/45R17 LION SPORT 3 99W XL LA","LION SPORT 3","R17","LEAO","Chiếc","1850000","LION SPORT 3"
"6","245/50R20","245/50R20 LION SPORT 3 102V LA","LION SPORT 3","R20","LEAO","Chiếc","2570000","LION SPORT 3"
"7","275/40R20","275/40R20 LION SPORT 3 106W","LION SPORT 3","R20","LEAO","Chiếc","3290000","LION SPORT 3"
"8","315/35R20","315/35R20 LION SPORT 3 110W XL LA (HB) CCC  P-trial","LION SPORT 3","R20","LEAO","Chiếc","3770000","LION SPORT 3"
"9","265/35R22","265/35R22 LION SPORT 3 102V","LION SPORT 3","R22","LEAO","Chiếc","4270000","LION SPORT 3"
"10","205/70R15","205/70R15 LION SPORT 4×4 HP 96H LA","LION SPORT 4×4 HP","R15","LEAO","Chiếc","1450000","LION SPORT 44 HP"
"11","255/60R18","255/60R18 LION SPORT 4×4 HP 112V XL LA","LION SPORT 4×4 HP","R18","LEAO","Chiếc","2450000","LION SPORT 44 HP"
"12","275/60R18","275/60R18 LION SPORT 4x4 HP 113H LA","LION SPORT 4×4 HP","R18","LEAO","Chiếc","3050000","LION SPORT 44 HP"
"13","235/65R17","235/65R17 LION SPORT 4×4 HP3 108V XL LA","LION SPORT 4×4 HP3","R17","LEAO","Chiếc","2010000","LION SPORT 44 HP3"
"14","245/65R17","245/65R17 LION SPORT 4×4 HP3 111T LA","LION SPORT 4×4 HP3","R17","LEAO","Chiếc","2190000","LION SPORT 44 HP3"
"15","255/65R17","255/65R17 LION SPORT 4×4 HP3 110H LA","LION SPORT 4×4 HP3","R17","LEAO","Chiếc","2370000","LION SPORT 44 HP3"
"16","265/65R17","265/65R17 LION SPORT 4×4 HP3 112H LA","LION SPORT 4×4 HP3","R17","LEAO","Chiếc","2500000","LION SPORT 44 HP3"
"17","225/60R18","225/60R18 LION SPORT 4×4 HP3 100H LA PCI","LION SPORT 4×4 HP3","R18","LEAO","Chiếc","2070000","LION SPORT 44 HP3"
"19","245/60R18","245/60R18 LION SPORT 4×4 HP3 105V LA","LION SPORT 4×4 HP3","R18","LEAO","Chiếc","2290000","LION SPORT 44 HP3"
"20","255/60R18","255/60R18 LION SPORT 4×4 HP3 112V XL LA","LION SPORT 4×4 HP3","R18","LEAO","Chiếc","2450000","LION SPORT 44 HP3"
"21","265/60R18","265/60R18 LION SPORT 4×4 HP3 110H LA","LION SPORT 4×4 HP3","R18","LEAO","Chiếc","2690000","LION SPORT 44 HP3"
"22","255/50R20","255/50R20 LION SPORT 4x4 HP3 107W XL LA PCI","LION SPORT 4×4 HP3","R20","LEAO","Chiếc","2790000","LION SPORT 44 HP3"
"23","225/75R16","225/75R16 LION SPORT 4x4 HP3 104H LA","LION SPORT 4×4 HP3","R16","LEAO","Chiếc","1930000","LION SPORT 44 HP3"
"24","235/70R16","235/70R16 LION SPORT 4x4 HP3","LION SPORT 4×4 HP3","R16","LEAO","Chiếc","2050000","LION SPORT 44 HP3"
"25","245/70R16","245/70R16 LION SPORT 4×4 HP3 111H XL LA (HB) PCI","LION SPORT 4×4 HP3","R16","LEAO","Chiếc","2270000","LION SPORT 44 HP3"
"26","275/70R16","275/70R16 LION SPORT 4x4 HP3 114H LA","LION SPORT 4×4 HP3","R16","LEAO","Chiếc","2750000","LION SPORT 44 HP3"
"28","205R16LT","205R16LT 8PR LION SPORT A/T","LION SPORT AT","R16","LEAO","Chiếc","2700000","LION SPORT AT"
"29","245/70R16","245/70R16 LION SPORT AT 111T LA","LION SPORT AT","R16","LEAO","Chiếc","2350000","LION SPORT AT"
"30","255/70R16","255/70R16 LION SPORT A/T LA","LION SPORT AT","R16","LEAO","Chiếc","2510000","LION SPORT AT"
"31","265/70R16","265/70R16 LION SPORT A/T 112H LA","LION SPORT AT","R16","LEAO","Chiếc","2650000","LION SPORT AT"
"32","245/65R17","245/65R17 LION SPORT A/T 111T LA","LION SPORT AT","R17","LEAO","Chiếc","2310000","LION SPORT AT"
"33","31×10.50R15LT","31×10.50R15LT 6PR LION SPORT AT-2 109Q LA OWL PCI ","LION SPORT AT-2 ","R15","LEAO","Chiếc","2870000","LION SPORT AT2"
"34","265/70R16","265/70R16 LION SPORT AT-2  116Q LA OWL PCI","LION SPORT AT-2 ","R16","LEAO","Chiếc","2890000","LION SPORT AT2"
"35","245/70R16","245/70R16 LION SPORT AT-2","LION SPORT AT-2 ","R16","LEAO","Chiếc","2690000","LION SPORT AT2"
"36","265/65R17","265/65R17 LION SPORT AT-2 116Q LA ECE","LION SPORT AT-2 ","R17","LEAO","Chiếc","2970000","LION SPORT AT2"
"37","265/60R18","265/60R18 LION SPORT AT-2 110Q LA ECE","LION SPORT AT-2 ","R18","LEAO","Chiếc","3150000","LION SPORT AT2"
"38","265/50R20","265/50R20 LION SPORT AT-2 111Q LA OWL PCI ","LION SPORT AT-2 ","R20","LEAO","Chiếc","3230000","LION SPORT AT2"
"43","225/70R15","225/70R15 LION SPORT GP 100T LA","LION SPORT GP","R15","LEAO","Chiếc","1670000","LION SPORT GP"
"44","235/75R15","235/75R15 LION SPORT GP 105 S LA","LION SPORT GP","R15","LEAO","Chiếc","1990000","LION SPORT GP"
"47","245/70R16","245/70R16 LION SPORT GP 107H LA","LION SPORT GP","R16","LEAO","Chiếc","2200000","LION SPORT GP"
"48","255/70R16","255/70R16 LION SPORT GP 111S LA","LION SPORT GP","R16","LEAO","Chiếc","2330000","LION SPORT GP"
"49","175/70R13","175/70R13 LION SPORT GP 82T LA PCI","LION SPORT GP","R13","LEAO","Chiếc","930000","LION SPORT GP"
"50","215/70R15","215/70R15 LION SPORT GP 98T LA","LION SPORT GP","R15","LEAO","Chiếc","1610000","LION SPORT GP"
"54","195/60R15","195/60R15 LION SPORT HP 88H LA PCI","LION SPORT HP","R15","LEAO","Chiếc","1170000","LION SPORT HP"
"57","225/55R18","225/55R18 LION SPORT HP 98H LA","LION SPORT HP","R18","LEAO","Chiếc","2050000","LION SPORT HP"
"60","185/70R14","185/70R14 LION SPORT HP3 88H LA(HB) PCI","LION SPORT HP3","R14","LEAO","Chiếc","1090000","LION SPORT HP3"
"61","175/65R14","175/65R14 LION SPORT HP3 82H LA (HB) PCI P-trial","LION SPORT HP3","R14","LEAO","Chiếc","950000","LION SPORT HP3"
"62","185/60R14","185/60R14 LION SPORT HP3 82H LA","LION SPORT HP3","R14","LEAO","Chiếc","1010000","LION SPORT HP3"
"63","185/65R14","185/65R14 LION SPORT HP3 86H LA (HB) ECE PCI","LION SPORT HP3","R14","LEAO","Chiếc","1090000","LION SPORT HP3"
"64","185/65R15","185/65R15 LION SPORT HP3 88H LA ECE PCI","LION SPORT HP3","R15","LEAO","Chiếc","1130000","LION SPORT HP3"
"65","195/55R15","195/55R15 LION SPORT HP3 85V LA ECE","LION SPORT HP3","R15","LEAO","Chiếc","1110000","LION SPORT HP3"
"66","195/65R15","195/65R15 LION SPORT HP3 91H LA (HB) PCI DCH ","LION SPORT HP3","R15","LEAO","Chiếc","1230000","LION SPORT HP3"
"67","205/65R15","205/65R15 LION SPORT HP3 94H LA","LION SPORT HP3","R15","LEAO","Chiếc","1290000","LION SPORT HP3"
"68","215/65R15","215/65R15 LION SPORT HP3 96H LA","LION SPORT HP3","R15","LEAO","Chiếc","1530000","LION SPORT HP3"
"69","195/55R16","195/55R16 LION SPORT HP3 87V LA (HB) PCI P","LION SPORT HP3","R16","LEAO","Chiếc","1310000","LION SPORT HP3"
"70","205/55R16","205/55R16 LION SPORT HP3 91H LA PCI","LION SPORT HP3","R16","LEAO","Chiếc","1350000","LION SPORT HP3"
"71","205/60R16","205/60R16 LION SPORT HP3 92H LA","LION SPORT HP3","R16","LEAO","Chiếc","1390000","LION SPORT HP3"
"72","205/65R16","205/65R16 LION SPORT HP3 95H LA (HB) PCI","LION SPORT HP3","R16","LEAO","Chiếc","1410000","LION SPORT HP3"
"73","215/60R16","215/60R16 LION SPORT HP3 95H LA","LION SPORT HP3","R16","LEAO","Chiếc","1570000","LION SPORT HP3"
"74","215/60R17","215/60R17 LION SPORT HP3 96H LA","LION SPORT HP3","R17","LEAO","Chiếc","1710000","LION SPORT HP3"
"75","225/55R16","225/55R16 LION SPORT HP3 95V LA","LION SPORT HP3","R16","LEAO","Chiếc","1670000","LION SPORT HP3"
"76","225/60R16","225/60R16 LION SPORT HP3 98H LA","LION SPORT HP3","R16","LEAO","Chiếc","1710000","LION SPORT HP3"
"77","225/70R16","225/70R16 LION SPORT HP3 103H LA","LION SPORT HP3","R16","LEAO","Chiếc","1790000","LION SPORT HP3"
"78","235/60R16","235/60R16 LION SPORT HP3 100H LA","LION SPORT HP3","R16","LEAO","Chiếc","1850000","LION SPORT HP3"
"79","215/50R17","215/50R17 LION SPORT HP3 94V LA","LION SPORT HP3","R17","LEAO","Chiếc","1530000","LION SPORT HP3"
"80","225/55R17","225/55R17 LION SPORT HP3 97H LA","LION SPORT HP3","R17","LEAO","Chiếc","1830000","LION SPORT HP3"
"82","235/60R17","235/60R17 LION SPORT HP3 102H (HB) PCI","LION SPORT HP3","R17","LEAO","Chiếc","1890000","LION SPORT HP3"
"84","195/70R14","195/70R14 LION SPORT HP3 91H LA","LION SPORT HP3","R14","LEAO","Chiếc","1190000","LION SPORT HP3"
"87","215/55R17","215/55R17 LION SPORT HP3 94V LA (HB) PCI","LION SPORT HP3","R17","LEAO","Chiếc","1610000","LION SPORT HP3"
"89","275/65R17","275/65R17 LION SPORT H/T 119H XL LA ECE","LION SPORT HT","R17","LEAO","Chiếc","2710000","LION SPORT HT"
"90","285/65R17","285/65R17 LION SPORT H/T 116S XL LA ECE","LION SPORT HT","R17","LEAO","Chiếc","2850000","LION SPORT HT"
"91","265/50R20","265/50R20 LION SPORT HT 111V XL LA ECE","LION SPORT HT","R20","LEAO","Chiếc","3010000","LION SPORT HT"
"92","205/50R17","205/50R17 LION SPORT3 93W LA","LION SPORT3","R17","LEAO","Chiếc","1470000","LION SPORT 3"
"93","215/45R17","215/45R17 LION SPORT3 91W LA","LION SPORT3","R17","LEAO","Chiếc","1490000","LION SPORT 3"
"94","225/45R17","225/45R17 LION SPORT3 94W XL LA (HB) PCI","LION SPORT3","R17","LEAO","Chiếc","1710000","LION SPORT 3"
"95","225/50R17","225/50R17 LION SPORT3  98W LA","LION SPORT3","R17","LEAO","Chiếc","1790000","LION SPORT 3"
"96","235/45R17","235/45R17 LION SPORT3  97W LA","LION SPORT3","R17","LEAO","Chiếc","1750000","LION SPORT 3"
"97","225/40R18","225/40R18 LION SPORT3  92W LA","LION SPORT3","R18","LEAO","Chiếc","1810000","LION SPORT 3"
"98","225/45R18","225/45R18 LION SPORT3 95W LA","LION SPORT3","R18","LEAO","Chiếc","1870000","LION SPORT 3"
"99","235/40R18","235/40R18 LION SPORT3 95W LA","LION SPORT3","R18","LEAO","Chiếc","1950000","LION SPORT 3"
"100","235/45R18","235/45R18 LION SPORT3 98Y XL LA (HB) CCC PCI ","LION SPORT3","R18","LEAO","Chiếc","2020000","LION SPORT 3"
"101","245/40R18","245/40R18 LION SPORT3 97W LA","LION SPORT3","R18","LEAO","Chiếc","2150000","LION SPORT 3"
"102","5.50R13LT","5.50R13LT 10PR LL760 97/95P (HB) PCI ","LL760 ","R13","LING LONG","Chiếc","1160000","LL760 "
"103","165/65R13","165/65R13 NOVA -FORCE GP LA","NOVA -FORCE GP","R13","LEAO","Chiếc","770000","NOVAFORCE GP"
"104","165/70R13","165/70R13 NOVA-FORCE GP 79T LA ECE PCI","NOVA -FORCE GP","R13","LEAO","Chiếc","790000","NOVAFORCE GP"
"105","185/70R13","185/70R13 NOVA-FORCE GP 86T LA ECE PCI","NOVA -FORCE GP","R13","LEAO","Chiếc","1050000","NOVAFORCE GP"
"106","165/65R14","165/65R14 NOVA-FORCE GP 79T LA (HB)","NOVA -FORCE GP","R14","LEAO","Chiếc","810000","NOVAFORCE GP"
"107","175/70R14","175/70R14 NOVA-FORCE GP 84T LA ECE PCI","NOVA -FORCE GP","R14","LEAO","Chiếc","1010000","NOVAFORCE GP"
"108","165/60R14","165/60R14 NOVA-FORCE HP 75H LA","NOVA-FORCE HP","R14","LEAO","Chiếc","790000","NOVAFORCE HP"
"109","195R15C","195R15C 8PR NOVA-FORCE Van 106/104R LA","NOVA-FORCE Van","R15","LEAO","Chiếc","1710000","NOVA-FORCE Van"
"110","205/70R15C","205/70R15C 8PR N-F Van lus 106/104S LA PCI","NOVA-FORCE Van","R15","LEAO","Chiếc","1770000","NOVA-FORCE Van"
"111","215/70R15C","215/70R15C 8PR N-F Van PLUS 109/107R LA PCI","NOVA-FORCE Van","R15","LEAO","Chiếc","1870000","NOVA-FORCE Van"
"112","225/70R15C","225/70R15C 8PR N-F Van PLUS 112/110R LA ECE PCI","NOVA-FORCE Van","R15","LEAO","Chiếc","1910000","NOVA-FORCE Van"
"113","185R14C","185R14C 8PR NOVA-FORCE Van 102/100R LA","NOVA-FORCE Van","R14","LEAO","Chiếc","1500000","NOVA-FORCE Van"
"114","195R14","195R14 8PR NOVA-FORCE Van 106/104R LA","NOVA-FORCE Van","R14","LEAO","Chiếc","1610000","NOVA-FORCE Van"
