"STT","Tên sản phẩm","mã gai","vành","Thương hiệu","Đơn vị","Giá bán","name_image_folder"
"1","175/65R14 AS380 82H ATLAS (HB) ECE -S PT OE PCI P- Trial","AS380 ","R14","ATLAS","Chiếc","980000","ATLAS AS380"
"2","185/55R16 AS380NB 83V AT (HB) ECE-S PT MC-2 OE PCI DCH P-trial","AS380 ","R16","ATLAS","Chiếc","1260000","ATLAS AS380"
"3","215/60R17 FORCE HP 96H AT (HB) PCI","FORCE HP","R17","ATLAS","Chiếc","1760000","FORCE HP"
"4","225/50R17 FORCE HP 98V XL AT PCI","FORCE HP","R17","ATLAS","Chiếc","1800000","FORCE HP"
"5","225/60R17 FORCE HP 99H AT PCI","FORCE HP","R17","ATLAS","Chiếc","1920000","FORCE HP"
"6","225/65R17 FORCE HP 102H AT PCI","FORCE HP","R17","ATLAS","Chiếc","2000000","FORCE HP"
"7","235/60R17 FORCE HP 102H AT PCI","FORCE HP","R17","ATLAS","Chiếc","1960000","FORCE HP"
"8","235/65R17 FORCE HP 104H AT PCI","FORCE HP","R17","ATLAS","Chiếc","2040000","FORCE HP"
"9","225/55R18 FORCE HP 98V AT PCI","FORCE HP","R18","ATLAS","Chiếc","2080000","FORCE HP"
"10","235/60R18 FORCE HP 103V AT PCI","FORCE HP","R18","ATLAS","Chiếc","2220000","FORCE HP"
"11","175/70R13 FORCE HP 82H AT ECE WR PCI","FORCE HP ","R13","ATLAS","Chiếc","900000","FORCE HP"
"12","185/65R14 FORCE HP 86H AT (HB) PCI DCH","FORCE HP ","R14","ATLAS","Chiếc","1080000","FORCE HP"
"13","175/65R15 FORCE HP 84H AT PCI","FORCE HP ","R15","ATLAS","Chiếc","1140000","FORCE HP"
"14","185/55R15 FORCE HP 82 AT PCI TRIAL","FORCE HP ","R15","ATLAS","Chiếc","1160000","FORCE HP"
"15","185/60R15 FORCE HP 84H AT (HB) PCI","FORCE HP ","R15","ATLAS","Chiếc","1100000","FORCE HP"
"16","185/65R15 FORCE HP 88H AT (HB) ECE PCI DCH","FORCE HP ","R15","ATLAS","Chiếc","1200000","FORCE HP"
"17","195/60R15 FORCE HP 88H AT (HB) PCI DCH","FORCE HP ","R15","ATLAS","Chiếc","1220000","FORCE HP"
"18","195/65R15 FORCE HP 91H AT PCI","FORCE HP ","R15","ATLAS","Chiếc","1280000","FORCE HP"
"19","205/65R15 FORCE HP 94H AT PCI","FORCE HP ","R15","ATLAS","Chiếc","1320000","FORCE HP"
"20","235/75R15 FORCE HP 105S ATLAS (HB) ECE PCI ","FORCE HP ","R15","ATLAS","Chiếc","2040000","FORCE HP"
"21","195/50R16 FORCE HP 84V AT PCI TRIAL","FORCE HP ","R16","ATLAS","Chiếc","1300000","FORCE HP"
"22","195/55R16 FORCE HP 87V AT PCI","FORCE HP ","R16","ATLAS","Chiếc","1340000","FORCE HP"
"23","205/60R16 FORCE HP 92V AT ECE PCI","FORCE HP ","R16","ATLAS","Chiếc","1400000","FORCE HP"
"24","205/65R16 FORCE HP 95H AT PCI","FORCE HP ","R16","ATLAS","Chiếc","1440000","FORCE HP"
"25","215/55R16 FORCE HP 97H XL ATLAS ( HB) PCI DCH ","FORCE HP ","R16","ATLAS","Chiếc","1620000","FORCE HP"
"26","215/60R16 FORCE HP 95V AT PCI","FORCE HP ","R16","ATLAS","Chiếc","1580000","FORCE HP"
"27","215/65R16 FORCE HP 98H AT (HB) PCI","FORCE HP ","R16","ATLAS","Chiếc","1660000","FORCE HP"
"28","225/55R16 FORCE HP 95V AT PCI","FORCE HP ","R16","ATLAS","Chiếc","1640000","FORCE HP"
"29","225/60R16 FORCE HP 98H AT PCI","FORCE HP ","R16","ATLAS","Chiếc","1740000","FORCE HP"
"30","225/70R16 FORCE HP 107H XL ATLAS (HB) PCI ","FORCE HP ","R16","ATLAS","Chiếc","1860000","FORCE HP"
"31","235/60R16 FORCE HP 100H AT (HB) ECE PCI DCH","FORCE HP ","R16","ATLAS","Chiếc","1860000","FORCE HP"
"32","205/55R16 FORCE UHP 91W AT (HB) PCI VCM","FORCE UHP","R16","ATLAS","Chiếc","1380000","FORCE UHP"
"33","215/50R16 FORCE UHP 93Y XL AT (HB) ECE CCC PCI","FORCE UHP","R16","ATLAS","Chiếc","1540000","FORCE UHP"
"34","225/50R16 FORCE UHP 92W AT ECE PCI VCM","FORCE UHP","R16","ATLAS","Chiếc","1620000","FORCE UHP"
"35","205/45R17 FORCE UHP 88W XL ATLAS (HB) ECE PCI VCM","FORCE UHP","R17","ATLAS","Chiếc","1400000","FORCE UHP"
"36","205/50R17 FORCE UHP 93W XL ATLAS (HB) ECE PCI VCM","FORCE UHP","R17","ATLAS","Chiếc","1500000","FORCE UHP"
"37","215/45R17 FORCE UHP 91W XL AT (HB) ECE BIS PCI VCM","FORCE UHP","R17","ATLAS","Chiếc","1540000","FORCE UHP"
"38","215/50R17 FORCE UHP 95W XL AT (HB) ECE PCI VCM","FORCE UHP","R17","ATLAS","Chiếc","1620000","FORCE UHP"
"39","215/55R17 FORCE UHP 94W AT PCI","FORCE UHP","R17","ATLAS","Chiếc","1660000","FORCE UHP"
"40","225/45R17 FORCE UHP 94W XL AT BIS PCI VCM","FORCE UHP","R17","ATLAS","Chiếc","1740000","FORCE UHP"
"41","225/50R17 FORCE UHP 98W XL ATLAS (HB) ECE BIS PCI VCM","FORCE UHP","R17","ATLAS","Chiếc","1860000","FORCE UHP"
"42","225/55R17 FORCE UHP 97W","FORCE UHP","R17","ATLAS","Chiếc","1920000","FORCE UHP"
"43","245/40R17 FORCE UHP 91W AT VCM","FORCE UHP","R17","ATLAS","Chiếc","1860000","FORCE UHP"
"44","245/45R17 FORCE UHP 99V AT PCI","FORCE UHP","R17","ATLAS","Chiếc","1960000","FORCE UHP"
"45","205/40R18 FORCE UHP 86W AT PCI","FORCE UHP","R18","ATLAS","Chiếc","1580000","FORCE UHP"
"46","215/40R18 FORCE UHP 85Y AT PCI","FORCE UHP","R18","ATLAS","Chiếc","1700000","FORCE UHP"
"47","215/45R18 FORCE UHP 93Y XL AT PCI VCM","FORCE UHP","R18","ATLAS","Chiếc","1800000","FORCE UHP"
"48","225/35R18 FORCE UHP 87W XL AT VCM P-trial","FORCE UHP","R18","ATLAS","Chiếc","1760000","FORCE UHP"
"49","225/40R18 FORCE UHP 92Y XL AT","FORCE UHP","R18","ATLAS","Chiếc","1860000","FORCE UHP"
"50","225/45R18 FORCE UHP 95Y XL ATLAS (HB) PCI VCM P- Trial","FORCE UHP","R18","ATLAS","Chiếc","1960000","FORCE UHP"
"51","225/50R18 FORCE UHP 95W ATLAS (HB) ECE CCC PCI VCM","FORCE UHP","R18","ATLAS","Chiếc","2060000","FORCE UHP"
"52","235/40R18 FORCE UHP 95Y XL AT VCM","FORCE UHP","R18","ATLAS","Chiếc","2020000","FORCE UHP"
"53","235/45R18 FORCE UHP 98Y XL AT (HB) ECE PCI VCM","FORCE UHP","R18","ATLAS","Chiếc","2120000","FORCE UHP"
"54","235/50R18 FORCE UHP 97Y AT","FORCE UHP","R18","ATLAS","Chiếc","2200000","FORCE UHP"
"55","245/40R18 FORCE UHP 97Y XL AT VCM","FORCE UHP","R18","ATLAS","Chiếc","2160000","FORCE UHP"
"56","245/45R18 FORCE UHP 100Y XL AT PCI VCM","FORCE UHP","R18","ATLAS","Chiếc","2260000","FORCE UHP"
"57","245/50R18 FORCE UHP 100Y AT PCI VCM","FORCE UHP","R18","ATLAS","Chiếc","2360000","FORCE UHP"
"58","255/35R18 FORCE UHP 94Y XL AT (HB) VCB","FORCE UHP","R18","ATLAS","Chiếc","2340000","FORCE UHP"
"59","255/40R18 FORCE UHP 99Y XL AT (HB) ECE CCC VCM◇","FORCE UHP","R18","ATLAS","Chiếc","2360000","FORCE UHP"
"60","255/45R18 FORCE UHP 103W XL AT PCI VCM","FORCE UHP","R18","ATLAS","Chiếc","2500000","FORCE UHP"
"61","255/55R18 FORCE UHP 109W XL AT PCI VCM","FORCE UHP","R18","ATLAS","Chiếc","2440000","FORCE UHP"
"62","265/35R18 FORCE UHP 97W XL AT VCM","FORCE UHP","R18","ATLAS","Chiếc","2460000","FORCE UHP"
"63","265/40R18 FORCE UHP 101W XL AT VCM","FORCE UHP","R18","ATLAS","Chiếc","2520000","FORCE UHP"
"64","275/35R18 FORCE UHP 95Y XL AT VCM","FORCE UHP","R18","ATLAS","Chiếc","2680000","FORCE UHP"
"65","275/40R18 FORCE UHP 103Y XL AT VCM","FORCE UHP","R18","ATLAS","Chiếc","2800000","FORCE UHP"
"66","225/35R19 FORCE UHP 88W XL AT VCM","FORCE UHP","R19","ATLAS","Chiếc","2060000","FORCE UHP"
"67","225/40R19 FORCE UHP 93Y XL AT","FORCE UHP","R19","ATLAS","Chiếc","2100000","FORCE UHP"
"68","225/45R19 FORCE UHP 96Y XL AT","FORCE UHP","R19","ATLAS","Chiếc","2200000","FORCE UHP"
"69","235/35R19 FORCE UHP 91Y XL AT VCM","FORCE UHP","R19","ATLAS","Chiếc","2160000","FORCE UHP"
"70","235/40R19 FORCE UHP 96Y XL AT VCM","FORCE UHP","R19","ATLAS","Chiếc","2260000","FORCE UHP"
"71","235/45R19 FORCE UHP","FORCE UHP","R19","ATLAS","Chiếc","2360000","FORCE UHP"
"72","235/55R19 FORCE UHP 105Y XL AT PCI","FORCE UHP","R19","ATLAS","Chiếc","2580000","FORCE UHP"
"73","245/30R19 FORCE UHP 90W XL AT VCM","FORCE UHP","R19","ATLAS","Chiếc","2220000","FORCE UHP"
"74","245/35R19 FORCE UHP 93W XL ATLAS (HB) VCM","FORCE UHP","R19","ATLAS","Chiếc","2320000","FORCE UHP"
"75","245/40R19 FORCE UHP 98Y XL AT VCM","FORCE UHP","R19","ATLAS","Chiếc","2420000","FORCE UHP"
"76","245/45R19 FORCE UHP 102W AT PCI VCM","FORCE UHP","R19","ATLAS","Chiếc","2520000","FORCE UHP"
"77","245/50R19 FORCE UHP 105W XL AT PCI VCM","FORCE UHP","R19","ATLAS","Chiếc","2620000","FORCE UHP"
"78","245/55R19 FORCE UHP 103V AT 111T LA","FORCE UHP","R19","ATLAS","Chiếc","2720000","FORCE UHP"
"79","255/30R19 FORCE UHP","FORCE UHP","R19","ATLAS","Chiếc","2440000","FORCE UHP"
"80","255/35R19 FORCE UHP 96Y XL AT PCI VCM","FORCE UHP","R19","ATLAS","Chiếc","2540000","FORCE UHP"
"81","255/40R19 FORCE UHP 100Y XL AT VCM","FORCE UHP","R19","ATLAS","Chiếc","2580000","FORCE UHP"
"82","255/45R19 FORCE UHP 104Y XL AT PCI VCM","FORCE UHP","R19","ATLAS","Chiếc","2760000","FORCE UHP"
"83","255/50R19 FORCE UHP 107Y XL AT PCI VCM","FORCE UHP","R19","ATLAS","Chiếc","2900000","FORCE UHP"
"84","265/30R19 FORCE UHP 93W XL AT VCM","FORCE UHP","R19","ATLAS","Chiếc","2600000","FORCE UHP"
"85","265/35R19 FORCE UHP 98Y XL AT","FORCE UHP","R19","ATLAS","Chiếc","2740000","FORCE UHP"
"86","265/50R19 FORCE UHP 110W XL AT","FORCE UHP","R19","ATLAS","Chiếc","3180000","FORCE UHP"
"87","275/30R19 FORCE UHP 96W XL AT VCM","FORCE UHP","R19","ATLAS","Chiếc","2880000","FORCE UHP"
"88","275/35R19 FORCE UHP 100Y XL AT VCM","FORCE UHP","R19","ATLAS","Chiếc","3020000","FORCE UHP"
"89","275/40R19 FORCE UHP 105Y XL AT VCM","FORCE UHP","R19","ATLAS","Chiếc","3160000","FORCE UHP"
"90","275/45R19 FORCE UHP 108W XL AT VCM","FORCE UHP","R19","ATLAS","Chiếc","3320000","FORCE UHP"
"91","275/50R19 FORCE UHP","FORCE UHP","R19","ATLAS","Chiếc","3460000","FORCE UHP"
"92","275/55R19 FORCE UHP 111W AT PCI VCM","FORCE UHP","R19","ATLAS","Chiếc","3620000","FORCE UHP"
"93","285/35R19 FORCE UHP 103Y XL AT (HB) CCC VCM ","FORCE UHP","R19","ATLAS","Chiếc","3300000","FORCE UHP"
"94","285/45R19 FORCE UHP 111W XL AT PCI VCM","FORCE UHP","R19","ATLAS","Chiếc","3600000","FORCE UHP"
"95","225/35R20 FORCE UHP 95V AT","FORCE UHP","R20","ATLAS","Chiếc","2400000","FORCE UHP"
"96","235/35R20 FORCE UHP 92W AT","FORCE UHP","R20","ATLAS","Chiếc","2500000","FORCE UHP"
"97","245/30R20 FORCE UHP 90W XL ATLAS (HB) CCC VCM","FORCE UHP","R20","ATLAS","Chiếc","2540000","FORCE UHP"
"98","245/35R20 FORCE UHP 95W XL AT (HB) ECE CCC VCM","FORCE UHP","R20","ATLAS","Chiếc","2640000","FORCE UHP"
"99","245/40R20 FORCE UHP 99Y XL AT (HB) CCC VCM","FORCE UHP","R20","ATLAS","Chiếc","2740000","FORCE UHP"
"100","245/45R20 FORCE UHP 103Y XL AT PCI VCM ","FORCE UHP","R20","ATLAS","Chiếc","2920000","FORCE UHP"
"101","245/50R20 FORCE UHP 102V AT PCI TRIAL","FORCE UHP","R20","ATLAS","Chiếc","3180000","FORCE UHP"
"102","255/35R20 FORCE UHP 97Y XL AT VAM","FORCE UHP","R20","ATLAS","Chiếc","2860000","FORCE UHP"
"103","255/40R20 FORCE UHP 101W AT PCI","FORCE UHP","R20","ATLAS","Chiếc","2960000","FORCE UHP"
"104","255/45R20 FORCE UHP 99V AT PCI","FORCE UHP","R20","ATLAS","Chiếc","3220000","FORCE UHP"
"105","255/50R20 FORCE UHP 109Y XL AT PCI","FORCE UHP","R20","ATLAS","Chiếc","3360000","FORCE UHP"
"106","265/35R20 FORCE UHP 99Y XL AT VAM","FORCE UHP","R20","ATLAS","Chiếc","2980000","FORCE UHP"
"107","265/45R20 FORCE UHP 108Y XL AT PCI VCM","FORCE UHP","R20","ATLAS","Chiếc","3340000","FORCE UHP"
"108","265/50R20 FORCE UHP 111V XL AT PCI VCM","FORCE UHP","R20","ATLAS","Chiếc","3480000","FORCE UHP"
"109","275/30R20 FORCE UHP 97Y XL AT (HB) CCC VCM","FORCE UHP","R20","ATLAS","Chiếc","3300000","FORCE UHP"
"110","275/35R20 FORCE UHP 100Y XL AT VCM","FORCE UHP","R20","ATLAS","Chiếc","3420000","FORCE UHP"
"111","275/40R20 FORCE UHP 106Y XL AT VCM","FORCE UHP","R20","ATLAS","Chiếc","3480000","FORCE UHP"
"112","275/45R20 FORCE UHP 110Y XL AT VCM","FORCE UHP","R20","ATLAS","Chiếc","3540000","FORCE UHP"
"113","275/55R20 FORCE UHP","FORCE UHP","R20","ATLAS","Chiếc","3680000","FORCE UHP"
"114","285/50R20 FORCE UHP 112V AT PCI VCM","FORCE UHP","R20","ATLAS","Chiếc","3840000","FORCE UHP"
"115","315/35R20 FORCE UHP 110W XL AT VCM","FORCE UHP","R20","ATLAS","Chiếc","3960000","FORCE UHP"
"116","245/30R21 FORCE UHP 91W XL LA ATLAS (HB) VCM","FORCE UHP","R21","ATLAS","Chiếc","2860000","FORCE UHP"
"117","265/40R21 FORCE UHP 105V XL AT VCM P-trial","FORCE UHP","R21","ATLAS","Chiếc","4240000","FORCE UHP"
"118","275/35R21 FORCE UHP 107Y XL AT VCM","FORCE UHP","R21","ATLAS","Chiếc","4360000","FORCE UHP"
"119","295/35R21 FORCE UHP 107Y XL AT VCM","FORCE UHP","R21","ATLAS","Chiếc","4480000","FORCE UHP"
"120","265/40R22 FORCE UHP 106V","FORCE UHP","R22","ATLAS","Chiếc","4460000","FORCE UHP"
"121","285/35R22 FORCE UHP 106W XL AT VCM","FORCE UHP","R22","ATLAS","Chiếc","4620000","FORCE UHP"
"122","285/40R22 FORCE UHP","FORCE UHP","R22","ATLAS","Chiếc","4720000","FORCE UHP"
"123","285/45R22 FORCE UHP 114V ","FORCE UHP","R22","ATLAS","Chiếc","4780000","FORCE UHP"
"124","305/40R22 FORCE UHP 114V XL AT VCM","FORCE UHP","R22","ATLAS","Chiếc","4920000","FORCE UHP"
"125","305/45R22 FORCE UHP 114V XL AT VCM","FORCE UHP","R22","ATLAS","Chiếc","5140000","FORCE UHP"
"126","205/70R15C 8PR N-F Van PLUS 106/104 S ATLAS(HB)ECE PCI","NOVA FORCE VAN","R15","ATLAS","Chiếc","1700000","NOVA FORCE VAN"
"127","235/70R15 PARALLER 4x4HP 106H XL AT (HB) ECE PCI","PARALLER 4*4 HP","R15","ATLAS","Chiếc","1940000","PARALLER 44 HP"
"128","215/65R16 PARALLER 4x4HP 102H","PARALLER 4*4 HP","R16","ATLAS","Chiếc","1680000","PARALLER 44 HP"
"129","215/70R16 PARALLER 4×4 HP 100H AT (HB) PCI","PARALLER 4*4 HP","R16","ATLAS","Chiếc","1740000","PARALLER 44 HP"
"130","215/70R16 PARALLER 4×4 HP 100H AT (HB) PCI","PARALLER 4*4 HP","R16","ATLAS","Chiếc","1740000","PARALLER 44 HP"
"131","225/75R16 PARALLER 4x4 HP ","PARALLER 4*4 HP","R16","ATLAS","Chiếc","1860000","PARALLER 44 HP"
"132","235/70R16 PARALLER 4*4 HP 106H ATLAS ( HB) PCI","PARALLER 4*4 HP","R16","ATLAS","Chiếc","2060000","PARALLER 44 HP"
"133","265/70R16 PARALLER 4*4 HP 112H ATLAS (HB) PCI ","PARALLER 4*4 HP","R16","ATLAS","Chiếc","2600000","PARALLER 44 HP"
"134","275/70R16 PARALLER 4*4 HP 114H ATLAS (HB) PCI  P-trial ","PARALLER 4*4 HP","R16","ATLAS","Chiếc","2780000","PARALLER 44 HP"
"135","225/65R17 PARALLER 4×4 HP 102H AT PCI","PARALLER 4*4 HP","R17","ATLAS","Chiếc","2040000","PARALLER 44 HP"
"136","235/55R17 PARALLER 4×4 HP 103W AT PCI P-trial","PARALLER 4*4 HP","R17","ATLAS","Chiếc","2000000","PARALLER 44 HP"
"137","245/65R17 PARALLER 4×4 HP 111H XL AT (HB) PCI","PARALLER 4*4 HP","R17","ATLAS","Chiếc","2240000","PARALLER 44 HP"
"138","255/65R17 PARALLER 4*4 HP 110H ATLAS (HB) PCI ","PARALLER 4*4 HP","R17","ATLAS","Chiếc","2380000","PARALLER 44 HP"
"139","265/65R17 PARALLER 4×4 HP 112H AT (HB) BIS PCI","PARALLER 4*4 HP","R17","ATLAS","Chiếc","2500000","PARALLER 44 HP"
"140"," 225/60R18 PARALLER 4*4 HP 100H ATLAS (HB) PCI","PARALLER 4*4 HP","R18","ATLAS","Chiếc","2080000","PARALLER 44 HP"
"141","235/55R18 PARALLER 4×4 HP 104W AT PCI","PARALLER 4*4 HP","R18","ATLAS","Chiếc","2280000","PARALLER 44 HP"
"142","235/60R18 PARALLER 4×4 HP 107V XL AT (HB) PCI","PARALLER 4*4 HP","R18","ATLAS","Chiếc","2180000","PARALLER 44 HP"
"143","255/65R18  PARALLER 4x4HP 111H AT(HB) OWL PCI","PARALLER 4*4 HP","R18","ATLAS","Chiếc","2660000","PARALLER 44 HP"
"144","265/60R18 PARALLER 4×4 HP 110H AT (HB) PCI","PARALLER 4*4 HP","R18","ATLAS","Chiếc","2680000","PARALLER 44 HP"
"145","265/65R18 PARALLER 4*4 HP  114H ATLAS (HB) PCI","PARALLER 4*4 HP","R18","ATLAS","Chiếc","2800000","PARALLER 44 HP"
"146","255/55R19 PARALLER 4*4 HP 111V ATLAS (HB) PCI ","PARALLER 4*4 HP","R19","ATLAS","Chiếc","3080000","PARALLER 44 HP"
"147","235/75R15 PARALLER AT 109T XL AT (HB) OWL PCI VCM","PARALLER A/T ","R15","ATLAS","Chiếc","2160000","PARALLER AT"
"148","265/70R15 PARALLER A/T 112T ATLAS (HB) OWL PCI P-trial","PARALLER A/T ","R15","ATLAS","Chiếc","2480000","PARALLER AT"
"149","245/70R16 PARALLER AT 111T XL AT (HB) ECE OWL PCI DCH","PARALLER A/T ","R16","ATLAS","Chiếc","2340000","PARALLER AT"
"150","255/70R16 PARALLER AT 111S AT (HB) OWL PCI","PARALLER A/T ","R16","ATLAS","Chiếc","2540000","PARALLER AT"
"151","265/70R16 PARALLER  A/T  112T ATLAS (HB) OWL PCI VCM","PARALLER A/T ","R16","ATLAS","Chiếc","2720000","PARALLER AT"
"152","265/75R16 PARALLER AT 116T AT (HB) OWL PCI","PARALLER A/T ","R16","ATLAS","Chiếc","2800000","PARALLER AT"
"153","265/65R17 PARALLER AT 112T AT (HB) BIS OWL PCI","PARALLER A/T ","R17","ATLAS","Chiếc","2700000","PARALLER AT"
"154","285/70R17 PARALLER A/T 116T ATLAS (HB) OWL PCI ","PARALLER A/T ","R17","ATLAS","Chiếc","3180000","PARALLER AT"
"155","245/75R16 PARALLER A/T 111T AT OWL PCI","PARALLER A/T ","R16","ATLAS","Chiếc","2400000","PARALLER AT"
"156","235/80R16 PARALLER HT 109T AT (HB) ECE-S CCC TISI FD OE PCI","PARALLER H/T","R16","ATLAS","Chiếc","2140000","PARALLER HT"
"157","245/70R16 PARALLER HT 107T AT (HB) PCI","PARALLER H/T","R16","ATLAS","Chiếc","2280000","PARALLER HT"
"158","245/75R16 PARALLER H/T 111T AT OWL PCI","PARALLER H/T","R16","ATLAS","Chiếc","2340000","PARALLER HT"
"159","255/70R16 PARALLER H/T 111T AT (HB) PCI","PARALLER H/T","R16","ATLAS","Chiếc","2420000","PARALLER HT"
"160","265/65R17 PARALLER HT 112T AT (HB) ECE PCI","PARALLER H/T","R17","ATLAS","Chiếc","2600000","PARALLER HT"
"161","265/50R20 PARALLER H/T 111V XL ATLAS (HB) ECE PCI","PARALLER H/T","R20","ATLAS","Chiếc","3440000","PARALLER HT"
"162","235/75R15 PRIVA A/T 109T XL AT BIS PCI","PRIVA A/T","R15","ATLAS","Chiếc","2120000","PRIVA AT"
"163","265/70R17 PRIVA H/T Ⅱ 115T AT PCI","PRIVA H/T","R17","ATLAS","Chiếc","2700000","PRIVA HT 2 115T AT"
"164","255/70R15 PRIVA H/T II 108T ATLAS (HB) PCI","PRIVA H/T","R15","ATLAS","Chiếc","2340000","PRIVA HT 2 115T AT"
"165","255/70R16 PRIVA H/T Ⅱ 111T AT PCI","PRIVA H/T","R16","ATLAS","Chiếc","2440000","PRIVA HT 2 115T AT"
"166","175/65R14 Touring Plus 82H AT (HB) ECE BIS PCI","TOURING PLUS","R14","ATLAS","Chiếc","1000000","Tire Touring Plus II"
